symbol,Revenue,Revenue Growth,Preferred Dividends,Dividend per Share,Gross Margin,EBITDA Margin,EBIT Margin,EBITDA,EBIT,Total assets,Retained earnings (deficit),Total shareholders equity,Other Assets,Other Liabilities,Investment purchases and sales,Issuance (buybacks) of shares,priceToSalesRatio,priceEarningsRatio,priceToOperatingCashFlowsRatio,priceFairValue,netProfitMargin,returnOnEquity,nIperEBT,eBTperEBIT,fixedAssetTurnover,currentRatio,debtRatio,totalDebtToCapitalization,cashPerShare,payoutRatio,operatingCashFlowSalesRatio,capitalExpenditureCoverageRatios,dividendPayoutRatio,Revenue per Share,Net Income per Share,Operating Cash Flow per Share,Free Cash Flow per Share,Market Cap,PE ratio,POCF ratio,PFCF ratio,PTB ratio,Enterprise Value over EBITDA,EV to Free cash flow,Earnings Yield,Net Debt to EBITDA,Interest Coverage,Income Quality,Dividend Yield,Payout Ratio,R&D to Revenue,Receivables Turnover,Gross Profit Growth,EPS Growth,Weighted Average Shares Diluted Growth,Dividends per Share Growth,Operating Cash Flow growth,10Y Net Income Growth (per Share),3Y Shareholders Equity Growth (per Share),Receivables growth,sector
ALSN,2081000000.0,-0.228687916976,,,0.479577126381547,0.327727054300817,,682000000.0,,,-225000000.0,4477000000.0,-974000000.0,756000000.0,56000000.0,0.0,-0.284074605452,-0.504966887335,-0.0794945499691,0.151387924,-0.337662337662,3.64976979421,0.444889375487,-0.098814229249,17.05455298295605,2.450413907690466,4.597599338509537,4.597599338509537,4.966222343420202E9,16.60943927565285,8.852446244955797,8.852446244955797,6.569077173836246,10.512056222023757,12.779362465989665,0.060206728439403875,3.230205278592375,0.0,1.8762541806020068,0.015706103071148836,0.2608695652173913,0.15233061028351755,9.12719298245614,2.3864595595483915,16.60943927565285,8.852446244955797,6.569077173836246,0.14368092263334936,0.3955026455026455,0.7608142493638677,,3.261755485893417,2.026809651474531,0.831136922046013,0.7687366167023555,2.5405629143279076,0.2608695652173913,0.2695819317635752,,0.2608695652173913,Consumer Cyclical
AMBC,156000000.0,-0.686116700201,,,0.0,-2.43589743589744,,-380000000.0,,,0.0,13220000000.0,759000000.0,1080000000.0,13220000000.0,12080000000.0,0,-1.01918976546,0.00415222243509,0,-0.43729903537,-4.70180050745,-0.318778464861,0.0310233682514,3.380496899239219,-9.469725288253453,-3.7922240856850213,-3.7922240856850213,6.6544063404E8,-1.5227474463157895,-3.8025179088,-3.8025179087999996,0.6161487352222222,,-45.01394648022857,-0.656707717632001,,0.0,0.40045766590389015,,0.0,0.3269230769230769,0.06096131301289566,4.2656450900000005,-1.5227474463157895,-3.8025179088,0.6161487352222222,-2.801282051282051,-0.4046296296296296,0.9931818181818182,,,,0.913767019667171,,61.30401107658815,0.0,-1.1217948717948718,,,Financial Services
AT,272000000.0,-0.0340909090909,,,0.410294117647059,0.319117647058824,,86800000.0,,,-48000000.0,847200000.0,-1090000000.0,-10200000.0,109000.0,0.0,-0.156462585034,2.97435897436,-0.998865507777,1056.24039829,-0.258465791292,-12725.1358995,670.636155606,-0.259656652361,2.8392484342379958,0.767223382045929,1.1200417536534446,0.8611691022964509,2.83568E8,3.8580680272108845,2.6427586206896554,3.4371878787878787,-27.80078431372549,9.316451612903226,9.802036363636363,0.25919708852903006,6.049539170506913,0.0,1.4598639455782314,0.023980138802685777,0.09251700680272108,0.09117647058823529,7.884057971014493,1.042529411764706,3.8580680272108845,2.6427586206896554,-27.80078431372549,0.2702205882352941,-7.205882352941177,1.4908722109533468,,0.547945205479452,0.7772096420745069,0.812795089707271,1.0184215279031967,0.40501043841336115,0.09251700680272108,0.39448529411764705,-4.326612903225806,0.0925170068027211,Utilities
ATO,2821137000.0,-0.0278136552983,,,0.766457991937293,0.444475755697082,,1253927000.0,,,0.0,15359032000.0,2471014000.0,6791203000.0,0.0,0.0,0.058380498196,0.12344563151,0.0460663539388,0.097157143808,0.0714618242326,1.18574504693,0.505185895835,0.000104089412806,22.975673518584877,4.898222953383066,8.453586669707137,-7.310787699123693,1.1255975714424002E10,18.71495006912376,10.843917686263667,-12.539004245874631,1.6574347305512735,12.567434718627162,-17.55491754208251,0.053433217631171606,3.590854970026166,0.0,1.7258476696877343,0.02509280467246046,0.4696105865393728,0.0,12.234163793664216,3.989872067334554,18.71495006912376,10.843917686263667,1.6574347305512735,0.2131917024944198,0.08856207066700848,0.8053645172175534,,0.20770391709386488,0.6023228497918587,0.5578365225100124,0.3997883811306744,0.16946281395576115,0.4696105865393728,0.36793640294675517,-0.5362462519553892,0.4696105865393729,Utilities
AVAL,22604300000000.0,,,,0.0,0.0,,0.0,,,-430324000000.0,322895900000000.0,11302134000000.0,20657300000000.0,0.0,66519651000000.0,0,-0.22577092511,-5.21789463942e-06,0.0499857458195,0.778301449833,0.536687875156,0.26833749994,0.264734162921,,,,,,,,,,,,,,,,,,,,,,,,,,,,,,,,,,,,,Financial Services
AVB,2301261000.0,-0.0100510791844,,,0.642325664059835,0.616103953441179,,1417816000.0,,,-183876000.0,19199144000.0,126022000.0,10751583000.0,18714949000.0,0.0,-0.0503437154678,0.0525232461005,0.000435747829697,0.0505218686428,-0.0773102517469,1.83558700298,0.0224658829515,0,16.505947266101373,5.936231108007079,8.74776953806901,7.764869732459186,2.2818889288529778E10,27.571365572211953,18.70991197101526,21.078267071991768,2.1223748436420737,22.689359048374243,29.715463064154928,0.03626951292568036,6.594965073041918,0.0,1.4736234790908982,0.03870530194666216,1.0671580295542695,0.02622171061865647,126.72839914092185,9.915819756442133,27.571365572211953,18.70991197101526,2.1223748436420737,0.35964195282499467,0.07697750182461503,1.0038461585112177,,14.821409709788362,0.8591687170939493,0.439965969316132,0.4708607793117439,1.5562747615370927,1.0671580295542695,0.5299768257490133,-8.89996059429639,1.0671580295542695,Real Estate
BHVN,63627000.0,1,,,0.721910509689283,-9.99482923915948,,-635941000.0,,,0.0,686975000.0,-1739169000.0,-390370000.0,0.0,0.0,0,-0.197066911091,-0.999426169043,0,0.862765052434,35846.7752735,-2961.18572544,39.3327736736,1.0833370294751203,-13.055754645879963,-11.967479968259436,-12.741669144713358,5.005176465032414E9,-6.527389899050614,-7.120964582854822,-6.68829177968089,-12.821621705132092,-8.08990372539656,-6.874735537873926,-0.15320059249799778,-0.2193992838958331,0.0,0.9166440617843599,,0.0,7.266144875603125,0.5297349951295052,78.664347918846,-6.527389899050614,-7.120964582854822,-12.821621705132092,-12.051424709635846,1.964280042011425,1.0110866733123414,,6.812312633832977,2.180250036132389,1.5708926816841953,-2.2888218642582734,6.050049193447945,0.0,-11.046866896129002,15.458082252034309,,Healthcare
BPMC,793735000.0,10.93371121,,,0.999464556810522,0.397193017820809,,315266000.0,,,0.0,1718393000.0,-631356000.0,1470088000.0,569292000.0,0.0,0,1.79229711142,0.153463379958,0,-2.3921371149,-4.55945142333,0.613971562785,0.081026823851,14.554864854952873,5.755712032860234,7.09713206440019,7.039204899695603,5.2761645E9,16.809388560032115,13.632267107625927,13.744450030739094,3.589012698559542,14.568797459922733,11.964922266565244,0.0594905636471342,-2.1667988301941854,,1.2330589202311697,,-0.0,0.1987350942065047,31.361768540835275,6.647261995502277,16.809388560032115,13.632267107625927,3.589012698559542,0.3954493628226045,0.2135123883740293,1.0033820934455158,,7.807127119644332,7.092850262228406,0.14449837726294276,,15.987255657021308,-0.0,0.4876123643281448,-122.5182019626464,,Healthcare
CHSCP,28406365000.0,-0.109530983776,,,0.0345629227815667,0.0329901062666765,,937129000.0,,,0.0,15993947000.0,0.0,0.0,4769462000.0,12504653000.0,-0.290772523663,-0.489553934659,0.0,-0.0,-1.0,-0.208794595412,-1.0,-1.0,2311.339707078926,34.467778681855165,0.0,-34.04060211554109,3.523543E8,0.831791345320803,,-0.8422295205792154,,2.1088433929587067,-4.723833597460554,1.202224579067149,1.7328500131785485,-0.0,0.0,0.47868863811226364,0.3981690662851828,0.024802258226281328,,0.01240406155451428,0.831791345320803,,,0.014912467681098936,,1.0949420747625866,,5.729471606946275,1.8989496082887096,1.0,,306.8272579332791,0.3981690662851828,0.0,-0.0,0.3981690662851828,Consumer Defensive
COOP,2733000000.0,0.361733931241,,,0.609220636663008,0.357116721551409,,976000000.0,,,-58000000.0,24165000000.0,1434000000.0,2503000000.0,22414000000.0,0.0,0.585714285714,0.120521656102,0.0277391908317,0,-0.52849002849,47.7597240283,-0.215659726316,-0.250825556353,30.021420332839018,3.350359751743835,3.6359641895974075,1.5818091942659416,2.47888305E9,8.127485409836066,7.489072658610272,17.214465625,0.9903647822612865,15.41483919057377,104.47835451388889,0.12303928577832665,12.875,0.0,1.0852459016393443,,-0.0,0.2791803878521771,0.5237638942123419,0.9070190450054885,8.127485409836066,7.489072658610272,0.9903647822612865,0.11159897548481522,0.12185377546943668,0.7644110275689223,,23.560344827586206,0.9061109148710703,0.8963790606248707,0.8412205024105557,7.634426319547427,-0.0,0.12111233077204538,-1.7700534759358288,,Financial Services
CRC,38000000.0,,,,0.736842105263158,-0.0263157894736842,,-1000000.0,,,0.0,3074000000.0,0.0,1182000000.0,56000000.0,0.0,-0.978899773926,-3.41919191919,0.00609756097561,0,-1.01775147929,-1.13908758544,-2.24674261038,-1.0,,,,,,,,,,,,,,,,,,,,,,,,,,,,,,,,,,,,,Energy
DAKT,608932000.0,0.0688568098521,0.0,0.198472945538,0.227775843608153,0.0288225943126655,-0.000274250655246,17551000.0,-167000.0,19526000.0,-5636000.0,372651000.0,85090000.0,176980000.0,0.0,0.0,0.0645156338742,1.50844277674,-0.00389529448426,-0.280773356612,-0.634197522507,-1.06410678772,-0.116386118224,0.0929341574217,13.60711492480615,0.010971821858729414,0.2415141561082434,-0.1627449665929253,1.9198179E8,391.0016089613035,17.762933937823835,-26.360262254565427,1.0847654537235847,8.50877294414819,-20.81337223671564,0.002557534232804059,-2.2676396295256804,-1.5754716981132075,22.0122199592668,0.04684819325832934,18.317718940936864,0.1660201795931237,5.431509842923531,0.3152762377408315,391.0016089613035,17.762933937823835,1.0847654537235847,8.063297708118477E-4,0.002774324782461295,-54.55555555555556,0.05389221556886228,7.748705223643189,1.7264549720823485,0.5250784245849334,,0.930213849969833,18.317718940936864,0.01774910827481558,-0.5974241335470676,18.317718940936864,Technology
DHIL,126387718.0,-0.0749255879514,,,0.494831111674949,0.36816071795837,,46530993.0,,,-18646982.0,263097341.0,118017925.0,184080753.0,140072879.0,0.0,-0.0676795652177,-0.278827780417,-0.0687003467472,0.291079960144,0.0492614898265,1.72250626485,0.157347947805,-0.142843258792,39.484353585505836,12.077808292957387,18.673317073612672,17.907789451717097,4.74477843306172E8,12.272921742468245,7.938064534311598,8.277403327733838,2.577552707567271,8.080627922687402,6.559422586496048,0.08148019037224684,-2.116400180842906,,1.5460849038729279,0.08003896185199592,0.9823119151579472,0.08705412340778239,6.997281867605427,3.7541451876373935,12.272921742468245,7.938064534311598,2.577552707567271,0.3058884645737492,0.2100194853070815,0.7417174865164147,,18.750785265435443,3.2832637814151484,0.30033214208728926,,30.765237396191203,0.9823119151579472,0.47292953734634247,-24.392741084083102,0.9823119151579471,Financial Services
DXPE,1005266000.0,-0.206696080853,,,0.277806073218432,0.0431816056645704,,43409000.0,,,0.0,851861000.0,0.0,347068000.0,0.0,0.0,-0.195709397968,-1.79916531885,-0.037109375,-0.00810840658102,1.60670104341,-1.45631101557,0.263575680322,-0.14982749006,57.10410965814084,-1.631779702128346,6.116475646684873,5.737472855742858,4.0823891108409196E8,-14.211477793082643,3.7913992206556024,4.041849361742641,1.1762505073475285,14.082907025826255,6.052542113443085,-0.07036565898071095,4.678430740169089,0.0,-3.7483464457286084,2.204591418319288E-4,-0.0031330501984265127,0.24496600899662377,5.360846843003413,0.4061003864490513,-14.211477793082643,3.7913992206556024,1.1762505073475285,-0.028575521304808876,-0.08276764207590444,0.6045669788487846,,8.968622587811254,2.8207702287375382,0.5916399506492256,0.48005339269850356,6.666234191459576,-0.0031330501984265127,0.10711095371772247,-16.13833932853717,-0.0031330501984265127,Industrials
EQC,62134000.0,,,,1.0,1.72456304116909,,107154000.0,,,-26897000.0,3277671000.0,0.0,3236678000.0,290446000.0,13919000.0,-0.236983004224,-0.0639321854851,-0.023800095042,-1.0,-0.663166405579,0.775720899912,0.000917539512887,-1.0,,,,,,,,,,,,,,,,,,,,,,,,,,,,,,,,,,,,,Real Estate
EQT,3059000000.0,-0.307291666667,,,-0.0741304347826087,0.196443230332515,,600889000.0,,,0.0,18113469000.0,1048259000.0,9255240000.0,0.0,0.0,-1.63955292074,0.20861966545,0.0214469646196,-0.755241178508,-0.169575158881,-3.35441769148,-0.500399258332,-0.376690701937,11.989448971353095,-3.790711802493523,6.026867496795889,1.9419458260334481,4.161349454859E9,-4.302621736970696,2.706214963025322,8.398791964920177,0.44962091257050063,15.091981139376825,18.303036419680307,-0.23241643377743448,8.16665973249635,0.0,-1.5899039048105497,0.0018417102632539378,-0.007924182611878416,0.0,5.399327863991302,1.3603626854720499,-4.302621736970696,2.706214963025322,0.44962091257050063,-0.3161706440013076,-0.10449928905139143,0.7639336700278192,,0.19054126738284188,0.689652237561067,0.48862749592582183,0.3473357391373885,0.07137230002234059,-0.007924182611878416,0.5026809414841451,-1.4753936507357774,-0.007924182611878416,Energy
FAF,7080949000.0,0.142231327303,,,0.0,0.0,,0.0,,,-138603000.0,12795988000.0,2655495000.0,4909972000.0,10392667000.0,1448999000.0,0,-0.0127795527157,-0.00558708371827,0.057373813803,0.187900631811,4.03197950669,0.397439395619,0.821337452293,62.89480743267249,6.185861223619697,9.634219782562353,8.62089639735664,5.887017472584E9,8.453148092029481,5.427528350001245,6.065494652740901,1.1989920660614763,6.6247321961447385,7.318715681512505,0.1182991223048494,1.1343866956276014,0.0,1.5574581184873117,0.033745950462212654,0.2852595167633743,0.2741831638668772,6.242301972320688,0.8313882041212272,8.453148092029481,5.427528350001245,1.1989920660614763,0.09835249484214616,0.14183970906555068,0.7543069741245789,,9.957810137885936,0.3561415921019167,0.6153756943191881,0.3407344260375671,11.736321324522134,0.2852595167633743,0.15317989156538198,-9.507547070579573,0.2852595167633743,Financial Services
FTNT,2594400000.0,0.203227900937,,,0.780296022201665,0.216003700277521,,560400000.0,,,-1080100000.0,4044500000.0,-352100000.0,856000000.0,732000000.0,0.0,0.226686057081,0.495667615811,-0.0737142857143,0,0.341212871287,9.28216547139,0.561824841703,0.322799926511,15.171929824561403,2.8567251461988303,6.337426900584795,5.601169590643275,2.475225E10,50.66990788126919,22.84050013841469,25.84281687199833,28.916179906542055,42.27417915774447,24.734234704531218,0.019735579593774304,-1.8947180585296217,,2.2184237461617196,,-0.0,0.04606074622263336,3.6033333333333335,9.540645235892692,50.66990788126919,22.84050013841469,28.916179906542055,0.18829016342892382,0.570677570093458,0.901790659036367,,5.791071428571429,1.4978955998906804,0.7883545555692917,,10.744444444444444,-0.0,0.4177073697193956,-8.607625099285148,,Technology
FUNC,67273000.0,0.0648337211327,,,1.0,3.94491978609626,,22131000.0,,,-2754000.0,1733414000.0,129691000.0,131047000.0,1575737000.0,1452278000.0,0,0.0722710701265,-0.014911627559,0.184381049092,-0.0134838316046,-2.20202891458,0.196603540876,0.221253813111,9.604940034266134,1.97615648201028,2.3085379782981152,2.079525985151342,1.0947252E8,7.909292681164656,6.770518894180222,7.516135942327497,0.8353683792837685,,4.186029522828699,0.12643355611070248,,0.0,1.1681959395997399,0.0333051618798946,0.2634202731016545,0.4039659298678519,3.429321506856298,1.627287619104247,7.909292681164656,6.770518894180222,0.8353683792837685,0.20574376049826826,0.10561859485528093,0.7781088374184844,,1.713045249675333,2.9835842148087877,0.9243994798703599,,53.728869217589946,0.2634202731016545,0.24034902561205834,-10.080423940149625,0.26342027310165445,Financial Services
HBCP,106527000.0,0.0573819307963,,,0.0,0.301961005191172,,32167000.0,,,-14013000.0,2591850000.0,154282000.0,321842000.0,2340786000.0,2270008000.0,0,-0.113382483852,-0.0708987399368,0.0695111567269,0.11589057308,3.70766751109,-0.0291795394691,-0.0354335412037,11.746497426184257,2.7307819497353076,5.406430001838165,5.169685045404418,2.5537828096E8,10.312064646073088,5.208612705690393,5.447140348527185,0.7934896034700257,,2.1636900573768747,0.0969737908286686,,0.0,1.9798102160306885,0.03094624950207825,0.319119725418938,0.4438311414007716,2.638766410701016,2.3973103622555785,10.312064646073088,5.208612705690393,0.7934896034700257,0.2324762736207722,0.07694769483162546,0.8038757425260493,,2.3414071257445546,,0.875825375696896,,48.854477495500795,0.319119725418938,0.46025890149915044,-22.836516068933395,0.319119725418938,Financial Services
HY,2812100000.0,-0.145725742755,,,0.165499093204367,0.0326802034067067,,91900000.0,,,0.0,1859000000.0,443000000.0,616000000.0,218000000.0,190000000.0,-0.141011443337,0.0366965427148,0.00502212124836,-1.33019897241,1.16427640156,0.142335877706,0.0662228067248,-0.120222079863,167.35701957983693,2.207939058501458,9.879188240195203,6.844015949532822,1.507397113197E9,40.630649951401615,9.080705501186747,13.10780098432174,2.4470732357094156,17.893330937943418,14.299105332147827,0.024611961688924534,1.4907508161044614,0.0,4.474393530997305,-0.004643766356400856,-0.18867924528301888,0.14775434728494719,6.825485436893204,0.5360396547765015,40.630649951401615,9.080705501186747,2.4470732357094156,0.013192987447103588,0.060227272727272727,0.8791469194312796,,8.270882352941177,1.495364238410596,0.6498117267348037,0.3185840707964602,13.747545081235494,-0.18867924528301888,0.05903061768784894,-3.2549019607843137,-0.18867924528301888,Industrials
IAG,1241700000.0,,,,0.201578481114601,0.119916243859225,,148900000.0,,,0.0,4154300000.0,-307900000.0,2458200000.0,0.0,0.0,2.59626436782,1.10208479844,0.0213675213675,0,-0.0424242424242,-0.879738625952,-0.128932274728,0.546692607004,,,,,,,,,,,,,,,,,,,,,,,,,,,,,,,,,,,,,Basic Materials
IBA,68791300000.0,,,,0.161061064407854,0.0936848118875497,,6444700000.0,,,0.0,58011200000.0,40828800000.0,43345000000.0,0.0,0.0,19.7483146067,20400.5076259,0.0,-0.9990575,-0.998385392941,23075.0181268,0,-0.998877120123,,,,,,,,,,,,,,,,,,,,,,,,,,,,,,,,,,,,,Consumer Defensive
IHC,443864000.0,0.185382215955,,,0.0,0.0,,34471000.0,,,-7534000.0,1083156000.0,399273000.0,469764000.0,936167000.0,549668000.0,0,0.53887060342,-0.0204326923077,0.208339226704,0.312656353704,-0.00557940671369,0.166331002197,-0.00726080577987,30.256578050443082,1.287048398091343,3.505248807089298,3.505248807089298,5.649416706600001E8,29.921173171971823,10.986380744817394,10.986380744817396,1.2026074170434515,14.304130157523717,9.58884661545642,0.03342114943998031,-2.0847669055147806,,2.7234786293098883,0.01101352639243459,0.3295376304221175,0.4636487753005425,1.148755004697363,1.272781010985347,29.921173171971823,10.986380744817394,1.2026074170434515,0.0425378043725105,0.04019252220263792,0.6325293132328308,,,1.1320153261518169,0.5662619234902452,,32.813360599863664,0.3295376304221175,0.11585080114629706,,0.3295376304221175,Financial Services
IID,1749080.0,,,,0.65625357330711,-3.011389,,-5267160.0,,,0.0,45664680.0,-8288840.0,45505500.0,45664680.0,159180.0,0.135935397039,0.263641863279,9.25943512697e-05,0.442168447853,-0.263574047276,-1.05902420935,-0.203564049006,3.4466282005,,,,,,,,,,,,,,,,,,,,,,,,,,,,,,,,,,,,,Financial Services
ISBC,816204000.0,0.152039701561,,,1.0,1.01587429426625,,996465000.0,,,-23920000.0,26023159000.0,1339003000.0,2710003000.0,25743094000.0,19306866000.0,0,0.126762290891,-0.0981351813373,0.0852750273687,0.396149488964,3.2232343705,0.0630887947715,0.00494244323125,3.1128753346677365,0.8450717181681014,0.8554339343350061,0.7797634407878751,3.01795190298E9,13.620145784727864,13.455159467045926,14.760886953574364,1.113634155748167,,30.611226390910513,0.07342065318576034,,0.0,1.012261936997924,0.03965437616213498,0.5400983843307158,0.3590781226262062,10.240311147355875,3.697546082817531,13.620145784727864,13.455159467045926,1.113634155748167,0.2714762485849126,0.08176374712500319,0.747215393486904,,2.4031162040253915,0.04254110411378108,0.8958618744173219,0.5572709426949133,11.170251638772855,0.5400983843307158,0.27480507324149356,-11.304722544226601,0.5400983843307158,Financial Services
IT,4099403000.0,-0.0343714880453,,,0.671897590941901,0.174517118712164,,715416000.0,,,-176302000.0,7315967000.0,2255467000.0,1090428000.0,903599000.0,0.0,0.0221267032637,0.142258489698,-0.0104868584494,0,0.597489371034,1.96987674368,0.0982218360994,-0.063727930064,45.641727067258984,2.969872073215538,10.05687119364931,9.122883195831523,1.3644100829268E10,51.150352693651236,15.105095916504109,16.65153446987149,12.51261048805423,20.841466823873102,18.196852328278354,0.01955020732680343,1.769904503114272,0.0,3.386297775028585,,-0.0,0.49738047222973686,3.3019545584885477,3.3283141055582965,51.150352693651236,15.105095916504109,12.51261048805423,0.06506923081238902,0.24462412924099528,0.8179025121652823,,4.165856746825358,0.7881468121733242,0.8509523074666685,0.6447225019703645,7.933720787824131,-0.0,0.22034379152281441,-10.767666412359336,,Technology
ITIC,236408000.0,0.288312933919,,,1.0,-0.193470374848851,,-320000.0,,,-6000.0,282925000.0,196096000.0,200422000.0,259431000.0,37891000.0,0,0.253255539504,-0.00210970464135,0.745570963867,-1.84556664709,6.46961236253,0.123644753416,0.509663617586,125.21610169491525,20.87923728813559,-0.7627118644067796,-0.8140889830508474,2.69984E8,6.848909183155759,-187.4888888888889,-175.65647364996747,1.3470776661244774,,-166.72804163955757,0.14600865236458455,,,-0.0365296803652968,0.1174736280668484,0.8045662100456621,0.26175087137491115,11.551820180796481,1.1420256505702007,6.848909183155759,-187.4888888888889,1.3470776661244774,0.16674562620554295,0.19668499466126474,0.7937818408811743,,16.08983869870006,0.3076078185241639,0.2916073164266148,,77.65148305084746,0.8045662100456621,-0.0060911644275997425,14.845360824742269,0.8045662100456622,Financial Services
KERNW,12573276.0,0.151421571029,0.0,0.0,0.506117260131727,-1.17539478175775,-1.37369536786,-14778563.0,-17271851.0,0.0,-24155828.0,58529619.0,-41101091.0,31870154.0,0.0,8769124.0,-0.263973485248,-0.0919921818114,0.0,0,-0.39322908027,-0.297286400248,0.328169374513,-0.058009684486,0.0123467592203,0.357843137255,0.961863121305,0,0.58562207724,-0.356589671897,-0.264279114146,0.179897674348,1.0601223654349519,-1.3097864523838192,-1.2097298092142028,-1.2097298092142028,6878922.96,-0.442820277263058,-0.47944590236785783,-0.47944590236785783,0.2158421625449315,0.33874586047371447,0.3489196030123953,-2.2582525041100334,0.8042121551330803,,0.9236084302234823,,0.0,0.28061381934191215,6.75425536143847,0.5471066538267353,-0.442820277263058,-0.47944590236785783,0.2158421625449315,-1.235504971019486,-0.4874261040596164,0.9501461427363784,0.9465937958820974,95.90965330485525,Industrials
KEYS,4221000000.0,-0.0190564722287,,,0.600094764273869,0.25846955697702,,1091000000.0,,,-411000000.0,7218000000.0,2536000000.0,3297000000.0,0.0,0.0,-0.000394632991318,0.012084592145,-0.020942408377,0,0.0180360721443,0.428421368547,0.373845405931,-0.0928143712575,22.572192513368982,3.3529411764705883,5.433155080213904,4.807486631016043,2.2447480187E10,35.80140380701754,22.093976562007875,24.969388417130144,6.808456228996056,20.605389722273145,25.006095869855393,0.027931865615950704,0.03024747937671861,0.0,1.620414673046252,,-0.0,0.2598910210850509,6.965346534653466,5.318047900260602,35.80140380701754,22.093976562007875,6.808456228996056,0.14854299928926795,0.19017288444040037,0.823915900131406,,5.4324324324324325,3.1211840888066607,0.5432252701579385,,9.716577540106952,-0.0,0.24070125562662875,-8.683760683760683,,Technology
LBRDA,48097.0,,,,0.001,0.000491340416242177,,23632.0,,,-596679000.0,21371124.0,3165504.0,13502659.0,17006475.0,2459736.0,0,-1.0,0.000339198179272,0,1.54883795224,-1.0,-0.998713509054,0,,,,,,,,,,,,,,,,,,,,,,,,,,,,,,,,,,,,,Communication Services
LPL,24230124000000.0,,,,0.109061348592356,0.169447172453595,,4105726000000.0,,,0.0,35071523000000.0,7524297000000.0,11401043000000.0,0.0,0.0,0,0,0.0,0,0,-1.00008512657,0,0.391862603358,,,,,,,,,,,,,,,,,,,,,,,,,,,,,,,,,,,,,Technology
MCHP,5274200000.0,-0.0140760818768,0.0,1.36651053864,0.614709339805089,0.31999165750256,0.122691593038,1687700000.0,647100000.0,2700000.0,0.0,17426100000.0,3432400000.0,5585500000.0,0.0,0.0,0.106028042166,0.582781456954,0.0252100840336,0.00506167203632,-0.0782182947218,1.02124003119,0.552585613558,0.0606404724052,22.077019673503557,2.3884470489744665,6.4621180410213475,6.1791544579321895,2.09586977167E10,36.73098092656852,13.5760446409509,14.197735887210406,3.7523404738519384,17.799311321147123,20.349476843720364,0.0272249739803892,5.380814125733246,1.3012266237683492,2.705573080967403,0.01670428214254164,0.613564668769716,0.12828485836714573,5.646895074946467,3.9738155012513747,36.73098092656852,13.5760446409509,3.7523404738519384,0.10818702362443593,0.10215737176618028,3.793882978723404,0.23242157317261627,5.29750903977501,1.3540979601807743,0.6794750403130936,0.6293063971276306,1.6868982838007534,0.613564668769716,0.2927078988282583,-22.837278106508876,0.613564668769716,Technology
MESA,545070000.0,-0.246471659222,,,0.0891243326545214,0.29805896490359,,162463000.0,,,-586000.0,1501930000.0,215087000.0,457859000.0,0.0,0.0,-0.731909891614,-0.430656934307,0.00695870408396,0,0.151546718004,-0.0609542136191,0.257981096229,-0.40589254766,15.468683486108352,0.7794080086272952,4.956778386355252,4.199988648295825,1.1134892E8,4.0543591610836005,0.637510849526514,0.7523829859116862,0.2431947826732684,4.577521774188584,5.025020575019426,0.24664810399597947,3.8921415953170877,0.0,6.3596708418293035,,-0.0,0.09585190892912837,39.751312718786465,0.204283706679876,4.0543591610836005,0.637510849526514,0.2431947826732684,0.05038618892986222,0.05998353204807594,0.7423705906203542,,0.40750916777876217,0.44036102636092445,0.6951529032644664,0.6151096644790653,2.8207565910832364,-0.0,0.3204395765681472,-6.549743128210897,,Industrials
MPX,239825000.0,-0.179063860668,,,0.223517147920359,0.109725841759616,,26315000.0,,,-2490000.0,119422000.0,83079000.0,84519000.0,84662000.0,0.0,-0.180276477964,-0.31221907683,-0.00390475910866,-0.311443769255,-0.119202759678,4.38127148295,0.247031526472,-0.373702422145,7.0686453666588065,0.5730959679320915,0.8805116717755247,0.8186453666588069,5.52347873928E8,28.407111393128982,18.48925065033139,19.88651211261926,6.535191778511341,19.790038910431313,18.749770438451844,0.03520245287037092,-1.199809994299829,,1.5364122608516766,0.0245316414520431,0.6968730713844888,0.12193891379130616,50.96153846153846,2.3031288394787865,28.407111393128982,18.48925065033139,6.535191778511341,0.08107578442614406,0.230054780581881,0.7950605168465816,,16.05469272995046,3.7178469208752656,0.292266081626501,,0.9305883046451309,0.6968730713844888,0.12456582925049516,-14.232491662696523,0.6968730713844887,Consumer Cyclical
NATI,1286671000.0,-0.0491747431118,,,0.711564961050649,0.0985963000642744,,126861000.0,,,-48713000.0,1884488000.0,211101000.0,1224871000.0,140317000.0,0.0,-0.0991553874552,-0.113314898351,-0.0124459445206,0.0406254807911,-0.194460907734,0.174862308618,0.0793803915405,0.0723142820406,9.768079743702646,1.09062267502771,1.3723371950015943,0.9536751643613064,5.453291063444E9,37.95996814292178,30.167514333058577,43.41100989845566,4.452135011314661,41.69993192111051,42.11188555519822,0.026343541602430597,-1.2864158409597906,0.0,1.2583061277051908,0.025039008263345045,0.9504799560069331,0.10092945282826768,4.821358044583672,4.238294842616333,37.95996814292178,30.167514333058577,4.452135011314661,0.11165169650983041,0.11728500389020557,0.7227689397369719,,3.9949669795356955,2.2247054479364987,0.3500245159427919,0.0734060716828037,2.43053552178072,0.9504799560069331,0.14049201388699986,-3.2779117631058807,0.9504799560069331,Technology
NRIM,133993000.0,0.316392895037,,,1.0,0.472979931787481,,63376000.0,,,-9976000.0,2121798000.0,173498000.0,221575000.0,2081010000.0,1900223000.0,0,0.591671445779,-0.0710536353981,0.116092872825,43.4019488429,1.97475933789,0.264907377651,-0.142838292538,19.97325233110466,4.902348052998067,-5.433902819386753,-5.920589951259737,2.15480931931378E8,6.551962172566833,-5.911036701908652,-5.42513487075148,0.972496590009604,,-3.1381185813182104,0.15262603379900688,,0.0,-1.1084286061785453,0.041043074766432035,0.268912673315495,0.522661631577769,5.156750307881773,1.6081506640748247,6.551962172566833,-5.911036701908652,0.972496590009604,0.24544565760897957,0.14842829741622476,0.774801517186138,,2.6511218392623954,,0.8955720572834925,,54.19861187588152,0.268912673315495,-0.2720589881560977,11.165084226646249,0.268912673315495,Financial Services
PGEN,103178000.0,0.137298560437,,,0.461968636724883,-0.660673787047626,,-68167000.0,,,0.0,314587000.0,-1823390000.0,67174000.0,10956000.0,0.0,0.625626683947,0.511961722488,0.156266955906,0,-0.433364967961,-0.936447169795,-0.915244646144,-0.221175842611,0.6175899627032,-1.0206832661043281,-0.4610226648836299,-0.5060768397006159,1.4200570815E9,-8.327754830783304,-18.43727141299126,-16.795868400198703,21.139980967338552,-22.59373423357343,-18.216244991011024,-0.12008038424756802,-1.7617028767585488,0.0,0.451680438186499,,0.0,0.8887941227781117,5.051059871738386,13.76317704840179,-8.327754830783304,-18.43727141299126,21.139980967338552,-1.652687588439396,-2.538497037544288,1.6419142073082664,,2.376880370430095,3.535689700192276,0.7864692438021914,0.719003078776521,0.5992678118974614,0.0,-0.7464866541316948,10.232629201541119,,Healthcare
PLOW,480154000.0,-0.160144129016,,,0.267164284791963,0.132588711121848,,63663000.0,,,0.0,579202000.0,47712000.0,200204000.0,31770000.0,0.0,-0.240123921169,-2.78388470021,0.00294252872757,0.0259728802034,-0.309589111985,-43.8327070341,-0.229610211112,-0.0532143710667,21.006448792619405,-3.7866417073430347,2.3347304120488994,1.7008016246076718,9.32584222742543E8,-10.774718643403961,17.4752505854391,23.98868769272927,4.658169780536568,17.74808323111608,29.064106974548384,-0.09280984804296281,3.099319856117368,0.0,-0.6165701939851883,0.027800170073386872,-0.2995390107795224,0.13457557367011416,5.771428571428571,1.9422606554200175,-10.774718643403961,17.4752505854391,4.658169780536568,-0.18026091628935717,-0.43232402948992027,0.8757854475912941,,5.598745350450671,3.2804730689061414,0.6543451162116153,0.543482325685333,1.7950378294488316,-0.2995390107795224,0.11114350812447674,-3.682953761214631,-0.2995390107795224,Consumer Cyclical
PRFT,612133000.0,0.0824116266774,,,0.378038759550621,0.158029382503476,,96735000.0,,,-19573000.0,785761000.0,219641000.0,394078000.0,55850000.0,0.0,0.0951001826666,-0.194915254237,-0.0146861954533,0,0.51298659655,2.93729282399,0.117890471065,0.0307238340123,19.253703645456547,0.9492970150662096,3.710250684112855,3.4985374138961407,1.736215761793E9,57.526780484178786,14.718682280374702,15.609380303634843,4.405766781685351,18.998674334966662,16.52299995318667,0.017383208161197608,1.0505091228614256,0.0,3.908419204135052,,-0.0,0.220009377047145,4.59956418830071,2.836337465539352,57.526780484178786,14.718682280374702,4.405766781685351,0.0493046445788742,0.07658636107572613,0.7483696595501996,,12.13562379810075,1.757526381129733,0.4984759996996542,0.3192676493298532,2.617054068505646,-0.0,0.1927032197251251,-17.524884861090477,,Technology
QURE,37514000.0,4.15231424255,,,0.0,-3.05960441435198,,-114778000.0,,,0.0,340395000.0,-784731000.0,243905000.0,45253000.0,0.0,0,0.096463022508,0.111674410523,0,0.366259981355,0,0.656380268036,5.9883843717,0.843648901816013,-2.8116532574677513,-3.0321345133563313,-3.245419318624313,1.5745539846499999E9,-12.594013826545302,-11.67824179436022,-10.91076268536227,6.455603553227691,-11.903753198783738,-9.467604805213703,-0.07940280309143607,1.8145027792782589,0.0,1.0784169439467621,,0.0,1.1350429173108707,5.668479903294046,41.97243654768886,-12.594013826545302,-11.67824179436022,6.455603553227691,-3.3327291144639335,-0.5125930177733133,0.8839179033250143,,0.6422090594720443,9.472122631155338,0.283464798249093,0.13068659737963872,5.508253260638687,0.0,-3.5940715466225943,14.216364403205398,,Healthcare
SMID,43862000.0,-0.0605898353002,,,0.251744106515891,0.14069125894852,,6171000.0,,,0.0,46499000.0,17294000.0,23649000.0,4556000.0,0.0,0.10763366436,0.360387953037,0.00718865358461,-0.00457196520364,0.904120040692,0.00291338314225,0.33689085591,-0.21722985518,8.461033950617283,0.5140817901234568,1.4442515432098766,0.9375,5.707584E7,21.416825515947465,7.623325764658741,11.744,2.4134568057845995,9.064955436720142,11.510255144032921,0.046692260683329406,-0.18408685788364934,0.0,2.8093808630393995,0.0049407945638645,0.10581613508442776,0.11374310336965938,4.161480075901328,1.3012594044959191,21.416825515947465,7.623325764658741,2.4134568057845995,0.06075874333135744,0.11268975432365005,0.702795358649789,,2.3579185033867325,2.622584269662921,0.4914084173853201,0.24388528311538832,1.9274691358024691,0.10581613508442776,0.17069445077743833,-2.8500190331176247,0.10581613508442776,Basic Materials
SNCR,291670000.0,-0.0553167783539,,,0.582346487468715,0.0175369424349436,,5115000.0,,,0.0,482255000.0,-345771000.0,280923000.0,46792000.0,0.0,0.0726970734233,0.921730008168,0.0308645009092,-1.0,-1.01730964,-3.10537560079,-0.354746582122,-0.273507128433,7.167395684867548,-0.2629871725561508,-0.013859537032486362,-0.45495650464441934,2.0509776E8,-19.16443281629602,-363.64851063829786,-11.0779820676245,0.7300853258722141,35.4695522971652,-9.799436102408988,-0.052179994554791824,-4.627761485826002,0.0,0.05270042982620071,,0.0,0.3061405012514143,6.09563418253255,0.7031842836081873,-19.16443281629602,-363.64851063829786,0.7300853258722141,-0.03669215208969041,-0.03809584832854555,0.2856456520578658,,6.303652474605576,0.9700047953964195,0.4174803786378576,,0.82741927556888,0.0,-0.001933692186375013,0.031420612813370476,,Technology
SNOW,264748000.0,0.0,,,0.5597436052397,-1.33925846465318,,-354566000.0,,264748000.0,1.73879130201,,,0.5597436052397,-1.33925846465318,,-354566000.0,,,0.0,,0.0,1012720000.0,-700319000.0,-544757000.0,347526000.0,0.0,1012720000.0,-700319000.0,-544757000.0,0.0,0.0,0.0,-3.95705521472,-0.79875615266,0,0,0.93136884633,7.6631543114,0.0,2.29951239062,-0.962351740112,0.0,0,0.226250503535,0.957753836475,0.743406503727,1.83241528433,,,,,,,,,,,,,Technology
SYX,1029000000.0,0.086703981413,,,0.346841593780369,0.0857142857142857,,88200000.0,,,-7200000.0,374900000.0,-66000000.0,106800000.0,88000000.0,0.0,0.0957936751612,0.351937984496,-0.0185676392573,-0.479683238284,-0.00292397660819,0.536812994518,-0.495750708215,0.159863945578,27.44,1.744,1.8186666666666667,1.7466666666666666,1.441125E9,22.035550458715598,21.130865102639298,22.001908396946565,13.4936797752809,16.08531746031746,21.659923664122136,0.04538121259432735,-0.25396825396825395,0.0,1.0428134556574924,0.09319108335501777,2.0535168195718656,0.0,10.058651026392962,1.4005102040816326,22.035550458715598,21.130865102639298,13.4936797752809,0.06355685131195335,0.6123595505617978,0.7785714285714286,,10.958466453674122,1.4152360515021458,0.7151240330754868,,0.5973333333333334,2.0535168195718656,0.0662779397473275,-25.25925925925926,2.0535168195718656,Industrials
TA,4846037000.0,,,,0.290892331197636,0.0285934671980424,,138565000.0,,,0.0,3443860.0,0.0,640566.0,1822413.0,1763166.0,-0.0741598197808,-1.83289336032,-0.0184651854766,0,1.9637066948,-0.818279234936,-0.998852299088,-0.999455728086,,,,,,,,,,,,,,,,,,,,,,,,,,,,,,,,,,,,,Consumer Cyclical
TCBIL,1056912000.0,,,,1.0,0.157885424708963,,166871000.0,,,0.0,3085366000.0,1693504000.0,2861824000.0,3010227000.0,223542000.0,-0.225882435663,-0.788956698987,-0.0251397228001,0.0279036692035,-11.9871851433,0.289019372904,0.343429446223,0,,,,,,,,,,,,,,,,,,,,,,,,,,,,,,,,,,,,,
TDA,5225000000.0,,,,0.549473684210526,0.223540669856459,,1168000000.0,,,-14000000.0,12525.0,2802.0,4804.0,4767.0,6563.0,977.620666382,0,0,0,0,0,0,-1.0,,,,,,,,,,,,,,,,,,,,,,,,,,,,,,,,,,,,,Communication Services
TGI,2900117000.0,-0.138134522858,0.0,159.979403493,0.20437934055764,0.115579819710722,0.0199671254642,335195000.0,57907000.0,0.0,-1442000.0,2980333000.0,-830501000.0,-781264000.0,0.0,0.0,0.347069384787,0.910355486862,0.0160167411163,-0.00255220238123,-1.55421396629,-1.27059229237,-1.90119396205,-0.137596625239,57.43488335247752,-0.5570166752485444,1.9144056719610252,1.1255198637461876,3.5547776E8,-12.638759866315866,3.677381499182753,6.254887387387387,-0.45500337913944583,5.004614507972971,29.51720439189189,-0.07912168682507732,3.944104178164949,0.4741461896846777,-3.4368911327597242,0.022724347087142667,-0.28720756595321056,0.08879952084691756,4.802281488448495,0.12257359272056956,-12.638759866315866,3.677381499182753,-0.45500337913944583,-0.009698229416261481,0.036000634868623156,1.2596739519885345,-0.38558378089004786,6.935739379778592,1.580994438893124,1.2621398347097454,1.761285582459515,9.614271002495347,-0.28720756595321056,0.0333317586842186,-2.4267208917005574,-0.28720756595321056,Industrials
TREE,909990000.0,-0.177672570922,,,0.940115825448631,0.0510719898020857,,46475000.0,,,0.0,1188990000.0,0.0,364761000.0,701698000.0,100612000.0,-0.176000554794,-3.35219220641,-0.110267460155,0,-0.226655271368,1.04781305069,0.138280471944,-0.208358666631,69.96155916045207,-3.2695471669101255,8.556854001691397,8.556854001691397,4.2340384969230003E9,-99.56118458680368,38.042017420848346,38.042017420848346,11.607706133394196,100.60287244589566,42.008629879181306,-0.010044074948989155,9.499300699300699,0.0,-2.6171373480377174,,0.0,0.14187078978889878,10.12889438007146,4.652840687175683,-99.56118458680368,38.042017420848346,11.607706133394196,-0.046733480587698766,-0.1165886703896524,1.0,,14.587614818614643,2.650223974678791,0.693217773067898,,19.215191819789343,0.0,0.12230793744986208,,,Financial Services
TT,12454000000.0,-0.249709318087,,,0.305363738557893,0.146619559980729,,1826000000.0,,,0.0,18156000000.0,8495000000.0,6407000000.0,1274000000.0,4747000000.0,-0.271469895213,0.143270898039,-0.00981996726678,0.0121446775142,-0.0799687418599,2.31952662722,-0.0350272981061,0.00796484482285,51.891666666666666,6.6,7.358333333333333,7.358333333333333,3.440400144E10,21.71969787878788,19.481314518686297,19.481314518686297,5.369752058685813,17.889157415115005,18.496943057757644,0.04604115607780302,-0.952026286966046,0.0,1.1148989898989898,0.014736657911266497,0.32007575757575757,0.0,5.6557674841053585,2.7624860639152082,21.71969787878788,19.481314518686297,5.369752058685813,0.12718805203147582,0.2472295926330576,1.2298136645962734,,9.232023721275018,1.5917473490087597,0.6460123375192773,0.19485774605408665,13.704166666666667,0.32007575757575757,0.14180183073711258,,0.32007575757575757,Industrials
UEIC,614680000.0,-0.184208675248,,,0.286744322248975,0.109003058501985,,67002000.0,,,-17678000.0,510290000.0,324990000.0,313301000.0,27838000.0,0.0,0.035563415451,9.62909641873,-0.000708767453399,0,-0.139167458391,1.55691225546,0.287986129785,-0.0665216080534,44.24386381631037,2.77636219678975,5.2826603325415675,3.610307349024689,7.53556347786E8,19.53635662620554,10.267554335431655,15.02365221472148,2.4052152651475738,10.692268108205726,14.28293288779457,0.05118661678496528,-0.5545058356466971,,1.9027273670019704,,-0.0,0.17495119411726426,4.315603235228038,1.2259327581603434,19.53635662620554,10.267554335431655,2.4052152651475738,0.06275135029608903,0.1231148320624575,0.8785331966746385,,5.755053507728894,1.8207509330956493,0.38603343197005624,,4.113798315698554,-0.0,0.11939871152469578,-3.15881897219592,,Technology
VTR,3795357000.0,-0.0171965365069,,,1.0,0.408643508370886,,1550948000.0,,,0.0,23929404000.0,-4030376000.0,10180167000.0,21646866000.0,0.0,0.850275370154,0.00189881268229,0.0173269601985,-1.0,0.00861952047006,-0.247875077802,-0.104796380636,-0.999421710345,10.170393673779467,1.1822405989651024,3.8860272739209543,3.8860272739209543,1.719226439E10,38.96837922866825,11.855295074528886,11.855295074528884,1.6887998389417382,18.879528772080043,20.19145771961472,0.025661831972326944,7.7945250259841075,,3.287002051293675,,-0.0,0.03429400712502144,,4.529814821109055,38.96837922866825,11.855295074528886,1.6887998389417382,0.11624334680505681,0.0433376977018157,5.474506446289196,,,1.533922896598641E-7,0.5606375737565382,0.5428562537316328,5.359387100491188E-6,-0.0,0.3820921193974638,,,Real Estate
WETF,253699000.0,-0.0547832922881,,,1.0,0.229657980520223,,58264000.0,,,0.0,896692000.0,0.0,266265000.0,60149000.0,396843000.0,1.01124940542,-2.567204151,-0.128239218575,0.0290813922212,-0.372330884865,2.63346830095,0.276154621175,0.0975109918772,1.7428691159902174,-0.24494380478689787,0.20193866615371933,0.19869610618009947,7.7731176E8,-21.800918805216657,26.44367273345807,26.875212114925837,2.919316320207312,12.080989290127695,24.336575044082565,-0.045869626364587614,-1.2602121378552795,0.0,-0.8244285513953162,0.025875074886297877,-0.5641004066750807,0.04465528047016346,8.613104736038023,3.063913377664082,-21.800918805216657,26.44367273345807,2.919316320207312,-0.14054056184691308,-0.13390794884795224,1.0122934529555392,,33.47394115318644,1.9170664468438763,0.5552162838522035,,0.5601453656123767,-0.5641004066750807,0.1158656518157344,-62.277542372881356,-0.5641004066750807,Financial Services
WEYS,195375000.0,-0.357342333008,,,0.402088291746641,-0.022423544465771,,-4381000.0,,,-2063000.0,256719000.0,138955000.0,187925000.0,67717000.0,0.0,-0.366273535438,-1.41232227488,-0.020496332764,0.271601552715,3.25918823905,-1.71911133483,-0.03899039983,-0.301307925173,20.02203320352531,-0.8695429391268703,4.097253535560566,3.7521008403361344,1.6842308000000003E8,-19.849508544490277,4.212577974537906,4.600089585666294,0.8962249833710257,-31.031061401506513,3.71308223854915,-0.050379081061811715,7.412919424788861,0.0,-4.7119622863877435,0.06991915834813138,-1.3878609310548027,0.440977607165707,5.426329676433829,0.8620503134996803,-19.849508544490277,4.212577974537906,0.8962249833710257,-0.04342930262316059,-0.04515099108686976,1.202863623476042,,4.839368869513525,5.517806531115219,0.2679739325877711,,3.5551342488214797,-1.3878609310548027,0.20463723608445297,-11.8708432304038,-1.3878609310548025,Consumer Cyclical
WGO,2355533000.0,0.186263706933,0.0,0.436061457524,0.132848064535712,0.0676050813128069,0.0482960756653,159246000.0,113763000.0,-1844000.0,-1844000.0,1713700000.0,913610000.0,827466000.0,0.0,0.0,0.0186557811437,-0.478873239437,0.0546325777876,0.0125700945811,1.0219364486,4.27248159331,0.727594100078,0.397022442407,70.87293898182693,1.848658081598267,8.136779395835841,7.162624864604646,1.6604705267640002E9,27.02500775957814,6.140021324108655,6.975096412892711,2.006693358716854,11.80893414443063,7.899475868233239,0.03700276458368758,1.3818557451992515,3.0368383118443183,4.4014517756583444,0.008785461569396087,0.2374271670844048,0.07516812543063502,10.668271451734164,0.7049234830350499,27.02500775957814,6.140021324108655,2.006693358716854,0.026084117692259035,0.07425320194424907,0.7950980899632486,0.6792718194843667,13.464420246363142,2.3756117047837813,0.5171465250627297,,9.640540377903479,0.2374271670844048,0.11480798613307476,-8.352657750872533,0.23742716708440478,Consumer Cyclical
WIFI,237416000.0,-0.0999810455286,,,0.516527950938437,-0.0203398254540553,,-4829000.0,,,0.0,576479000.0,-158066000.0,81527000.0,19575000.0,0.0,0.407137119908,-0.652173913043,0.0120062760079,0,-0.332646490663,-1.1424087801,-0.259773651402,-0.168935532234,5.3423942394239425,-0.3846309630963096,1.6324932493249324,-0.7586408640864086,5.1283759999999994E8,-30.00278476569356,7.0689419418867505,-15.211413656047931,6.290401952727317,-134.45736177262373,-19.25890134662158,-0.03333023943642198,-28.257817353489337,0.0,-4.24431053647692,,0.0,0.5368677763924925,8.56602684370039,2.160080196785389,-30.00278476569356,7.0689419418867505,6.290401952727317,-0.07199599016073054,-0.20966060323573785,0.9721321731217654,,0.5663495577332277,0.5193346996475992,0.8578942164415356,0.6791475629193805,0.9153015301530153,0.0,0.30557333962327726,-0.6827275978242457,,Communication Services
WWD,2495665000.0,-0.139484317789,,,0.25654204390413,0.168515005018702,,420557000.0,,,-13346000.0,3903336000.0,2427905000.0,1992677000.0,0.0,0.0,-0.0951178938948,-0.0787589498807,-0.00448075909331,-0.0407962586257,-0.105264101094,1.38488977783,0.432016493932,-0.0546372084025,40.080058457931166,3.8607127370838485,5.612780445500827,4.856569290314292,4.953340036801001E9,20.60500441690135,14.17301171360922,16.379876049261917,2.4857716713752405,13.415660747059258,18.65732608299163,0.048531899327318044,1.6376139262929876,0.0,1.4538197549865846,0.007603758215703766,0.15667547161962603,0.08723526595115931,4.4025660385346805,1.9847776191119402,20.60500441690135,14.17301171360922,2.4857716713752405,0.09632502759785468,0.12063922050588229,0.8528244188150319,,2.5021330138407785,3.086327396184864,0.4894938585866039,0.29616235041467104,2.4053350892125844,0.15667547161962603,0.1400392280213891,-7.422239683989211,0.15667547161962603,Industrials
